"player","double","error"
"Roger Federer",0.0770203710991655,0.0694461870173684
"Andy Murry",0.0767109922711062,0.0870559916457339
"David Ferrer",0.0975096216543971,0.0635590261337229
